Workbook

Sheet DangKy
A1: ma_dk | B1: ngay_dk | C1: ma_khoa | D1: so_thang | E1: ten_khoa | F1: hoc_phi | G1: tong_hoc_phi
A2: DK001 | B2: 2025-10-01 | C2: TE01 | D2: 3 | E2: =VLOOKUP(C2,KhoaHoc!$A$7:$B$7,2,FALSE) -> Tieng Anh thieu nhi | F2: =VLOOKUP(C2,KhoaHoc!$A$2:$C$8,3,0) -> 900000 | G2: =SUM(D2:F2) -> 900003
A3: DK002 | B3: 2025-10-02 | C3: IE02 | D3: 2 | E3: =VLOOKUP(C3,KhoaHoc!$A$5:$B$5,2,0) -> IELTS 6.5 | F3: =VLOOKUP(C3,KhoaHoc!$A$2:$C$8,3,0) -> 2500000 | G3: =SUM(D3:F3) -> 2500002
A4: DK003 | B4: 2025-10-03 | C4: PV01 | D4: 3 | E4: =VLOOKUP(C4,KhoaHoc!$A$8:$B$8,2,0) -> Luyen phong van | F4: =VLOOKUP(C4,KhoaHoc!$A$2:$C$8,3,0) -> 3000000 | G4: =SUM(D4:F4) -> 3000003
A5: DK004 | B5: 2025-10-04 | C5: GT02 | D5: 1 | E5: =VLOOKUP(C5,KhoaHoc!$A$3:$B$8,2,0) -> Giao tiep nang cao | F5: =VLOOKUP(C5,KhoaHoc!$A$2:$C$8,3,0) -> 1500000 | G5: =SUM(D5:F5) -> 1500001
A6: DK005 | B6: 2025-10-05 | C6: GT02 | D6: 4 | E6: =VLOOKUP(C6,KhoaHoc!$A$3:$B$8,2,0) -> Giao tiep nang cao | F6: =VLOOKUP(C6,KhoaHoc!$A$2:$C$8,3,0) -> 1500000 | G6: =SUM(D6:F6) -> 1500004
A7: DK006 | B7: 2025-10-06 | C7: IE01 | D7: 4 | E7: =VLOOKUP(C7,KhoaHoc!$A$3:$B$8,2,0) -> IELTS 5.0 | F7: =VLOOKUP(C7,KhoaHoc!$A$2:$C$8,3,0) -> 2000000 | G7: =SUM(D7:F7) -> 2000004
A8: DK007 | B8: 2025-10-07 | C8: TO01 | D8: 4 | E8: =VLOOKUP(C8,KhoaHoc!$A$3:$B$8,2,0) -> TOEIC 550 | F8: =VLOOKUP(C8,KhoaHoc!$A$2:$C$8,3,0) -> 1800000 | G8: =SUM(D8:F8) -> 1800004
A9: DK008 | B9: 2025-10-08 | C9: PV01 | D9: 3 | E9: =VLOOKUP(C9,KhoaHoc!$A$8:$B$8,2,0) -> Luyen phong van | F9: =VLOOKUP(C9,KhoaHoc!$A$2:$C$8,3,0) -> 3000000 | G9: =SUM(D9:F9) -> 3000003
A10: DK009 | B10: 2025-10-09 | C10: IE02 | D10: 3 | E10: =VLOOKUP(C10,KhoaHoc!$A$5:$B$5,2,0) -> IELTS 6.5 | F10: =VLOOKUP(C10,KhoaHoc!$A$2:$C$8,3,0) -> 2500000 | G10: =SUM(D10:F10) -> 2500003
A11: DK010 | B11: 2025-10-10 | C11: IE02 | D11: 1 | E11: =VLOOKUP(C11,KhoaHoc!$A$5:$B$5,2,0) -> IELTS 6.5 | F11: =VLOOKUP(C11,KhoaHoc!$A$2:$C$8,3,0) -> 2500000 | G11: =SUM(D11:F11) -> 2500001
A12: DK011 | B12: 2025-10-11 | C12: TE01 | D12: 1 | E12: =VLOOKUP(C12,KhoaHoc!A4:B8,2,0) -> Tieng Anh thieu nhi | F12: =VLOOKUP(C12,KhoaHoc!$A$2:$C$8,3,0) -> 900000 | G12: =SUM(D12:F12) -> 900001
A13: DK012 | B13: 2025-10-12 | C13: GT01 | D13: 4 | E13: =VLOOKUP(C13,KhoaHoc!A2:B2,2,0) -> Giao tiep co ban | F13: =VLOOKUP(C13,KhoaHoc!$A$2:$C$8,3,0) -> 1200000 | G13: =SUM(D13:F13) -> 1200004
A14: DK013 | B14: 2025-10-13 | C14: TO01 | D14: 3 | E14: =VLOOKUP(C14,KhoaHoc!A6:B10,2,0) -> TOEIC 550 | F14: =VLOOKUP(C14,KhoaHoc!$A$2:$C$8,3,0) -> 1800000 | G14: =SUM(D14:F14) -> 1800003
A15: DK014 | B15: 2025-10-14 | C15: IE02 | D15: 1 | E15: =VLOOKUP(C15,KhoaHoc!$A$5:$B$5,2,0) -> IELTS 6.5 | F15: =VLOOKUP(C15,KhoaHoc!$A$2:$C$8,3,0) -> 2500000 | G15: =SUM(D15:F15) -> 2500001
A16: DK015 | B16: 2025-10-15 | C16: IE02 | D16: 4 | E16: =VLOOKUP(C16,KhoaHoc!$A$5:$B$5,2,0) -> IELTS 6.5 | F16: =VLOOKUP(C16,KhoaHoc!$A$2:$C$8,3,0) -> 2500000 | G16: =SUM(D16:F16) -> 2500004

Sheet KhoaHoc
A1: ma_khoa | B1: ten_khoa | C1: hoc_phi | E1: ma_can_tra | F1: hoc_phi_tra_cuu
A2: GT01 | B2: Giao tiep co ban | C2: 1200000 | E2: IE02
A3: GT02 | B3: Giao tiep nang cao | C3: 1500000
A4: IE01 | B4: IELTS 5.0 | C4: 2000000
A5: IE02 | B5: IELTS 6.5 | C5: 2500000
A6: TO01 | B6: TOEIC 550 | C6: 1800000
A7: TE01 | B7: Tieng Anh thieu nhi | C7: 900000
A8: PV01 | B8: Luyen phong van | C8: 3000000
